date,titre,url
2026-07-29,"Fibre Excellence : ce que l'on sait du mystérieux industriel candidat à la reprise de Saint-Gaudens, dernier espoir des salariés",https://www.ladepeche.fr/2026/07/29/fibre-excellence-ce-que-lon-sait-du-mysterieux-industriel-candidat-a-la-reprise-de-saint-gaudens-dernier-espoir-des-salaries-13488202.php
2026-07-28,"REPORTAGE. ""Ils sont nés il y a un mois"", ""C'est un mâle !"" : on a assisté au puçage des cinq bébés loutres au zoo African Safari près de Toulouse",https://www.ladepeche.fr/2026/07/28/reportage-ils-sont-nes-il-y-a-un-mois-cest-un-male-on-a-assiste-au-pucage-des-cinq-bebes-loutres-au-zoo-african-safari-pres-de-toulouse-13487060.php
2026-07-29,"Avec une grosse pierre, il s'attaque à une voiture de police et finit en... psychiatrie",https://www.ladepeche.fr/2026/07/29/avec-une-grosse-pierre-il-sattaque-a-une-voiture-de-police-et-finit-en-psychiatrie-13488402.php
2026-07-29,Plus de 24 heures dans les airs et 23 000 kilomètres parcourus... Airbus réalise un vol historique avec l'A350-1000 ULR en reliant Melbourne à Toulouse sans escale,https://www.ladepeche.fr/2026/07/29/plus-de-24-heures-dans-les-airs-et-23-000-kilometres-parcourus-airbus-realise-un-vol-historique-avec-la350-1000-ulr-en-reliant-melbourne-a-toulouse-13488154.php
2026-07-29,"À cinq minutes à pied du lycée Airbus, Maureen avait trouvé l’appartement idéal : elle y a été assassinée de soixante-deux coups de couteau",https://www.ladepeche.fr/2026/07/29/a-cinq-minutes-a-pied-du-lycee-airbus-maureen-avait-trouve-lappartement-ideal-elle-y-a-ete-assassinee-de-soixante-deux-coups-de-couteau-13433375.php
2026-07-29,"Ivre, il installait des poubelles au milieu de la rue, il risque de payer sa mauvaise idée par un séjour en détention.",https://www.ladepeche.fr/2026/07/29/ivre-il-installait-des-poubelles-au-milieu-de-la-rue-il-risque-de-payer-sa-mauvaise-idee-par-un-sejour-en-detention-13488388.php
2026-07-29,"Incroyable réunion de famille : ""On n’y croyait plus !"" Sans nouvelles de leur chatte pendant plus de deux ans, ils la retrouvent enfin saine et sauve",https://www.ladepeche.fr/2026/07/29/incroyable-reunion-de-famille-on-ny-croyait-plus-sans-nouvelles-de-leur-chatte-pendant-plus-de-deux-ans-ils-la-retrouvent-enfin-saine-et-sauve-13487312.php
2026-07-28,"Un nouveau maillot ""Gardiens des étoiles"" pour viser haut : le Stade Toulousain s’inspire du Pic du Midi",https://www.ladepeche.fr/2026/07/28/un-nouveau-maillot-gardiens-des-etoiles-pour-viser-haut-le-stade-toulousain-sinspire-du-pic-du-midi-13487354.php
2026-07-27,"Top 14 : ""Ça commence à gangrener le championnat"" Un international, ancien joueur du Stade Toulousain, aimerait que le rugby ""évite de devenir comme certains autres sports…""",https://www.ladepeche.fr/2026/07/27/top-14-ca-commence-a-gangrener-le-championnat-un-international-ancien-joueur-du-stade-toulousain-aimerait-que-le-rugby-evite-de-devenir-comme-certains-13485557.php
2026-07-26,"Top 14/Pro D2 : la rentrée se précise, délocalisations au menu... Découvrez le programme des matchs amicaux de l'été pour les clubs professionnels",https://www.ladepeche.fr/2026/07/26/top-14pro-d2-la-rentree-se-precise-delocalisations-au-menu-decouvrez-le-programme-des-matchs-amicaux-de-lete-pour-les-clubs-professionnels-13484758.php
2026-07-28,"TÉMOIGNAGE. ""Tout ça pour ça"" : un camion de 38 tonnes défonce un restaurant près de Toulouse pour un butin estimé à seulement 1 500 euros",https://www.ladepeche.fr/2026/07/28/temoignage-tout-ca-pour-ca-un-camion-de-38-tonnes-defonce-un-restaurant-pres-de-toulouse-pour-un-butin-estime-a-seulement-1-500-euros-13486833.php
2026-07-29,"Coiffeuse à Toulouse, Brigitte veut devenir... présidente de la République : ""Mes enfants m'ont dit que c'était peut-être la crise de la quarantaine !""",https://www.ladepeche.fr/2026/07/29/coiffeuse-a-toulouse-brigitte-veut-devenir-presidente-de-la-republique-mes-enfants-mont-dit-que-cetait-peut-etre-la-crise-de-la-quarantaine-13487345.php
2026-07-29,Canicule en Haute-Garonne : le département vient d'être placé en vigilance jaune par Météo-France,https://www.ladepeche.fr/2026/07/29/canicule-en-haute-garonne-le-departement-vient-detre-place-en-vigilance-jaune-par-meteo-france-13488425.php
2026-07-29,"REPORTAGE. ""Je suis très heureux d'avoir eu la possibilité de tourner à Toulouse""… Dans les coulisses du dernier jour de tournage du film de Denis Imbert avec Victor Belmondo",https://www.ladepeche.fr/2026/07/29/reportage-je-suis-tres-heureux-davoir-eu-la-possibilite-de-tourner-a-toulouse-dans-les-coulisses-du-dernier-jour-de-tournage-du-film-de-denis-imbert-13487091.php
2026-07-29,218 articles pyrotechniques saisis entre juin et juillet à Toulouse : la douane française mobilise l'opération Taranis pour lutter contre la hausse du transport illicite,https://www.ladepeche.fr/2026/07/29/218-articles-pyrotechniques-saisis-entre-juin-et-juillet-a-toulouse-la-douane-francaise-mobilise-loperation-taranis-pour-lutter-contre-la-hausse-du-13488064.php
2026-07-29,"Deux hommes condamnés à Toulouse pour un vol de 20 000 € dans une société d'éclairage, après une arrestation à Colomiers : ""On pensait qu’on agissait légalement""",https://www.ladepeche.fr/2026/07/29/deux-hommes-condamnes-a-toulouse-pour-un-vol-de-20-000-eur-dans-une-societe-declairage-apres-une-arrestation-a-colomiers-on-pensait-quon-agissait-13487409.php
2026-06-28,"DIAPORAMA. Le Stade Toulousain décroche son 25e Bouclier de Brennus, la liesse des supporters au Capitole, la joie des joueurs au Stade de France",https://www.ladepeche.fr/2026/06/28/diaporama-le-stade-toulousain-decroche-son-25e-bouclier-de-brennus-la-liesse-des-supporters-au-capitole-la-joie-des-joueurs-au-stade-de-france-13441826.php
2026-07-29,""" La liquidation de Soliha est inadaptée économiquement et mortifère socialement"" : cette grosse association toulousaine de l'économie solidaire qui ne veut pas mourir",https://www.ladepeche.fr/2026/07/29/la-liquidation-de-soliha-est-inadaptee-economiquement-et-mortifere-socialement-cette-grosse-association-toulousaine-de-leconomie-solidaire-qui-ne-veut-13487233.php
2026-07-29,"ENTRETIEN. ""C’est interdit pour nous de vieillir"" : le coup de gueule de Maïtena Biraben pour imposer les femmes de plus de 45 ans sur scène, sans filtre et avec beaucoup d'humour",https://www.ladepeche.fr/2026/07/29/entretien-cest-interdit-pour-nous-de-vieillir-le-coup-de-gueule-de-maitena-biraben-pour-imposer-les-femmes-de-plus-de-45-ans-sur-scene-sans-filtre-et-13479898.php
2026-07-28,"Un ancien conseiller municipal de Muret, un ex-candidat LFI et trois autres hommes sont condamnés pour avoir rencontré des adolescents avant de leur proposer des relations sexuelles",https://www.ladepeche.fr/2026/07/28/un-ancien-conseiller-municipal-de-muret-un-ex-candidat-lfi-et-trois-autres-hommes-sont-condamnes-pour-avoir-rencontre-des-adolescents-avant-de-leur-13487125.php
2026-07-29,"""Le bon produit, au bon endroit, au bon moment"" : à Toulouse, La Grande Récré redevient un magasin indépendant et espère atteindre un chiffre d'affaires de 3 millions d'euros d'ici 2027",https://www.ladepeche.fr/2026/07/29/le-bon-produit-au-bon-endroit-au-bon-moment-a-toulouse-la-grande-recre-redevient-un-magasin-independant-et-espere-atteindre-un-chiffre-daffaires-de-3-13477249.php
2026-07-28,"""Je ne passe jamais devant"" : dans le petit appartement de la rue Merly, dans le centre-ville de Toulouse, la nuit d’horreur d’Eva Bourseau s’est achevée dans l’acide",https://www.ladepeche.fr/2026/07/28/je-ne-passe-jamais-devant-dans-le-petit-appartement-de-la-rue-merly-dans-le-centre-ville-de-toulouse-la-nuit-dhorreur-deva-bourseau-sest-achevee-dans-13448003.php
2026-07-28,"TÉMOIGNAGES. ""Impossible de dormir, depuis le pare-brise on voyait le ciel complètement rouge""... Alors qu'ils gardent la maison de leur fils à Lège-Cap-Ferret, ils doivent fuir les flammes en pleine nuit",https://www.ladepeche.fr/2026/07/28/temoignages-impossible-de-dormir-depuis-le-pare-brise-on-voyait-le-ciel-completement-rouge-alors-quils-gardent-la-maison-de-leur-fils-a-lege-cap-13485501.php
2026-07-28,"Le Stade Toulousain condamné à une amende de près de 3 M€ : ""Aucun commentaire..."" le club a été entendu par la commission d'appel, la décision sera rendue fin août",https://www.ladepeche.fr/2026/07/28/stade-toulousain-condamne-a-une-amende-de-pres-de-3-meur-aucun-commentaire-le-club-a-ete-entendu-par-la-commission-dappel-la-decision-sera-rendue-fin-13487439.php
2026-07-28,"""Le plancher ne reposait plus sur rien"", le parcours d'un étudiant toulousain après l'évacuation en urgence de son immeuble",https://www.ladepeche.fr/2026/07/28/le-plancher-ne-reposait-plus-sur-rien-le-parcours-dun-etudiant-toulousain-apres-levacuation-en-urgence-de-son-immeuble-13486014.php
2026-07-28,"REPORTAGE. ""En six heures, nous avons démontré que nous étions capables de monter un centre de cette ampleur"" : à Toulouse, une chaîne de solidarité pour accueillir les évacués de la Gironde",https://www.ladepeche.fr/2026/07/28/reportage-en-six-heures-nous-avons-demontre-que-nous-etions-capables-de-monter-un-centre-de-cette-ampleur-a-toulouse-une-chaine-de-solidarite-pour-13487176.php
2026-07-28,"Un incendie au sud de Toulouse : un feu de végétation menace plusieurs hectares et des habitations à Bérat, une trentaine de sapeurs-pompiers sur place",https://www.ladepeche.fr/2026/07/28/un-incendie-au-sud-de-toulouse-un-feu-de-vegetation-menace-plusieurs-hectares-et-des-habitations-a-berat-une-trentaine-de-sapeurs-pompiers-sur-place-13487594.php
2026-07-28,"Il oblige sa femme et ses enfants à danser sous la menace d'un fusil et agresse son colocataire : un père de famille arrêté à Toulouse, l'arme était finalement factice",https://www.ladepeche.fr/2026/07/28/il-oblige-sa-femme-et-ses-enfants-a-danser-sous-la-menace-dun-fusil-et-agresse-son-colocataire-un-pere-de-famille-arrete-a-toulouse-larme-etait-13487015.php
2026-07-29,"Cité de l'Espace à Toulouse : observer la pluie d'étoiles filantes avec des télescopes opérationnels, c'est le programme de La Nuit des étoiles 2026",https://www.ladepeche.fr/2026/07/29/cite-de-lespace-a-toulouse-observer-la-pluie-detoiles-filantes-avec-des-telescopes-operationnels-cest-le-programme-de-la-nuit-des-etoiles-2026-13488208.php
2026-07-28,"""Un choc entre deux finisseurs, qui promet du spectacle !"" ... Un gala de MMA prendra place au Zénith de Toulouse le 25 septembre, la star toulousaine Owen Jason sera de la partie",https://www.ladepeche.fr/2026/07/28/un-choc-entre-deux-finisseurs-qui-promet-du-spectacle-un-gala-de-mma-prendra-place-au-zenith-de-toulouse-le-25-septembre-la-star-toulousaine-owen-13485948.php
2026-07-28,"Sécurité routière en Haute-Garonne : ""Huit morts de plus que l'année précédente"", voici le bilan de l'accidentalité en 2025 sur nos routes",https://www.ladepeche.fr/2026/07/28/securite-routiere-en-haute-garonne-huit-morts-de-plus-que-lannee-precedente-voici-le-bilan-de-laccidentalite-en-2025-sur-nos-routes-13486676.php
2026-07-27,"TFC : ""C'est une immense fierté""... Alexis Vossah, l'une des révélations de la saison, prolonge jusqu'en 2030",https://www.ladepeche.fr/2026/07/27/tfc-cest-une-immense-fierte-alexis-vossah-lune-des-revelations-de-la-saison-prolonge-jusquen-2030-13486107.php
2026-07-27,"Et si vous veniez acheter une voiture de collection ? Entre exposition, vente aux enchères et programme dense, le Salon Auto Moto Classic 2026 est de retour avec une organisation enrichie",https://www.ladepeche.fr/2026/07/27/et-si-vous-veniez-acheter-une-voiture-de-collection-entre-exposition-vente-aux-encheres-et-programme-dense-le-salon-auto-moto-classic-2026-est-de-13485637.php
2026-07-28,"""Quand les gens arrivent ici, ils font ""waouh"" "" : bienvenue dans l'incroyable moulin de la Flambère, ce havre de paix et de verdure secret à Toulouse",https://www.ladepeche.fr/2026/07/28/quand-les-gens-arrivent-ici-ils-font-waouh-bienvenue-dans-lincroyable-moulin-de-la-flambere-ce-havre-de-paix-et-de-verdure-secret-a-toulouse-13485751.php
2026-07-28,Où retrouver l'ambiance des Années folles dans les guinguettes toulousaines ? Un dépaysement musical et visuel dans le quartier Montaudran,https://www.ladepeche.fr/2026/07/28/ou-retrouver-lambiance-des-annees-folles-dans-les-guinguettes-toulousaines-un-depaysement-musical-et-visuel-dans-le-quartier-montaudran-13487455.php
2026-07-28,"La Reine des aveugles fait de la Cave Poésie son royaume pour chanter la vie, la sensualité, la mélancolie, jusqu’à la fin de la semaine",https://www.ladepeche.fr/2026/07/28/la-reine-des-aveugles-fait-de-la-cave-poesie-son-royaume-pour-chanter-la-vie-la-sensualite-la-melancolie-jusqua-la-fin-de-la-semaine-13487292.php
2026-07-28,Le Muséum de Toulouse lance la 15e édition du concours de nouvelles : découvrez le thème de cette année et les détails d'une compétition qui stimule l'imagination,https://www.ladepeche.fr/2026/07/28/le-museum-de-toulouse-lance-la-15e-edition-du-concours-de-nouvelles-decouvrez-le-theme-de-cette-annee-et-les-details-dune-competition-qui-stimule-13486830.php
